,CELL_ID,CELL_TYPE,CELL_CLASS
1405,1406,Tumor 7,Tumor
14,15,Tumor 2 (Ki67 Proliferating),Tumor
39,40,Tumor 1,Tumor
9,10,Tumor 1,Tumor
1100,1101,Tumor 1,Tumor
2469,2470,Tumor 1,Tumor
21,22,Tumor 1,Tumor
25,26,Tumor 1,Tumor
105,106,Tumor 3,Tumor
167,168,Tumor 3,Tumor
151,152,Tumor 3,Tumor
132,133,Tumor 1,Tumor
12,13,Tumor 1,Tumor
37,38,Tumor 1,Tumor
66,67,Tumor 1,Tumor
48,49,Tumor 1,Tumor
45,46,Tumor 1,Tumor
103,104,Tumor 1,Tumor
123,124,Tumor 1,Tumor
71,72,Tumor 1,Tumor
770,771,Tumor 4,Tumor
1365,1366,Tumor 1,Tumor
1458,1459,Tumor 4,Tumor
1309,1310,Tumor 4,Tumor
1232,1233,Tumor 1,Tumor
1196,1197,Tumor 2 (Ki67 Proliferating),Tumor
1137,1138,Tumor 1,Tumor
1159,1160,Tumor 3,Tumor
743,744,Tumor 1,Tumor
621,622,Tumor 7,Tumor
803,804,Tumor 3,Tumor
1204,1205,Tumor 4,Tumor
1160,1161,Tumor 4,Tumor
22,23,Tumor 3,Tumor
130,131,Tumor 3,Tumor
192,193,Tumor 3,Tumor
310,311,Tumor 3,Tumor
206,207,Tumor 2 (Ki67 Proliferating),Tumor
183,184,Tumor 7,Tumor
180,181,Tumor 2 (Ki67 Proliferating),Tumor
263,264,Tumor 7,Tumor
222,223,Tumor 1,Tumor
254,255,Tumor 3,Tumor
273,274,Tumor 2 (Ki67 Proliferating),Tumor
16,17,Tumor 1,Tumor
13,14,Tumor 1,Tumor
30,31,Tumor 1,Tumor
6,7,Tumor 1,Tumor
126,127,Tumor 1,Tumor
136,137,Tumor 1,Tumor
107,108,Tumor 7,Tumor
115,116,Tumor 1,Tumor
713,714,Tumor 4,Tumor
426,427,Tumor 3,Tumor
391,392,Tumor 2 (Ki67 Proliferating),Tumor
419,420,Tumor 3,Tumor
578,579,Tumor 3,Tumor
36,37,Tumor 4,Tumor
1240,1241,Tumor 1,Tumor
1269,1270,Tumor 7,Tumor
1260,1261,Tumor 3,Tumor
2484,2485,Tumor 2 (Ki67 Proliferating),Tumor
1208,1209,Tumor 3,Tumor
1197,1198,Tumor 3,Tumor
1307,1308,Tumor 2 (Ki67 Proliferating),Tumor
1256,1257,Tumor 1,Tumor
1337,1338,Tumor 3,Tumor
1155,1156,Tumor 2 (Ki67 Proliferating),Tumor
1134,1135,Tumor 1,Tumor
1065,1066,Tumor 1,Tumor
1094,1095,Tumor 7,Tumor
693,694,Tumor 1,Tumor
680,681,Tumor 1,Tumor
668,669,Tumor 3,Tumor
628,629,Tumor 1,Tumor
1105,1106,Tumor 2 (Ki67 Proliferating),Tumor
662,663,Tumor 1,Tumor
744,745,Tumor 3,Tumor
647,648,Tumor 1,Tumor
752,753,Tumor 5,Tumor
784,785,Tumor 3,Tumor
774,775,Tumor 2 (Ki67 Proliferating),Tumor
799,800,Tumor 1,Tumor
939,940,Tumor 3,Tumor
930,931,Tumor 1,Tumor
934,935,Tumor 3,Tumor
1009,1010,Tumor 2 (Ki67 Proliferating),Tumor
958,959,Tumor 2 (Ki67 Proliferating),Tumor
1052,1053,Tumor 1,Tumor
991,992,Tumor 1,Tumor
157,158,Tumor 3,Tumor
148,149,Tumor 1,Tumor
127,128,Tumor 3,Tumor
165,166,Tumor 1,Tumor
168,169,Tumor 7,Tumor
182,183,Tumor 1,Tumor
201,202,Tumor 1,Tumor
339,340,Tumor 7,Tumor
396,397,Tumor 3,Tumor
1079,1080,Tumor 2 (Ki67 Proliferating),Tumor
1036,1037,Tumor 4,Tumor
1116,1117,Tumor 4,Tumor
1275,1276,Tumor 4,Tumor
1437,1438,Tumor 3,Tumor
1422,1423,Tumor 2 (Ki67 Proliferating),Tumor
1475,1476,Tumor 2 (Ki67 Proliferating),Tumor
2515,2516,Tumor 1,Tumor
248,249,Tumor 3,Tumor
93,94,Tumor 1,Tumor
604,605,Tumor 2 (Ki67 Proliferating),Tumor
461,462,Tumor 2 (Ki67 Proliferating),Tumor
509,510,Tumor 4,Tumor
7,8,Tumor 4,Tumor
1756,1757,Tumor 1,Tumor
1762,1763,Tumor 3,Tumor
1785,1786,Tumor 4,Tumor
1716,1717,Tumor 4,Tumor
1662,1663,Tumor 3,Tumor
1725,1726,Tumor 3,Tumor
1713,1714,Tumor 3,Tumor
1490,1491,Tumor 2 (Ki67 Proliferating),Tumor
1228,1229,Tumor 3,Tumor
1668,1669,Tumor 2 (Ki67 Proliferating),Tumor
1029,1030,Tumor 4,Tumor
689,690,Tumor 4,Tumor
719,720,Tumor 3,Tumor
603,604,Tumor 4,Tumor
626,627,Tumor 4,Tumor
385,386,Tumor 4,Tumor
422,423,Tumor 2 (Ki67 Proliferating),Tumor
421,422,Tumor 3,Tumor
707,708,Tumor 3,Tumor
820,821,Tumor 4,Tumor
816,817,Tumor 4,Tumor
718,719,Tumor 3,Tumor
839,840,Tumor 4,Tumor
347,348,Tumor 2 (Ki67 Proliferating),Tumor
333,334,Tumor 1,Tumor
304,305,Tumor 3,Tumor
502,503,Tumor 3,Tumor
443,444,Tumor 4,Tumor
463,464,Tumor 4,Tumor
503,504,Tumor 5,Tumor
547,548,Tumor 2 (Ki67 Proliferating),Tumor
592,593,Tumor 2 (Ki67 Proliferating),Tumor
1191,1192,Tumor 7,Tumor
494,495,Tumor 2 (Ki67 Proliferating),Tumor
54,55,Tumor 4,Tumor
55,56,Tumor 4,Tumor
1227,1228,Tumor 7,Tumor
1133,1134,Tumor 1,Tumor
1121,1122,Tumor 7,Tumor
978,979,Tumor 4,Tumor
933,934,Tumor 3,Tumor
853,854,Tumor 3,Tumor
883,884,Tumor 3,Tumor
846,847,Tumor 3,Tumor
1939,1940,Tumor 4,Tumor
2250,2251,Tumor 3,Tumor
2257,2258,Tumor 4,Tumor
2262,2263,Tumor 7,Tumor
1349,1350,Tumor 1,Tumor
1387,1388,Tumor 1,Tumor
1207,1208,Tumor 1,Tumor
1301,1302,Tumor 2 (Ki67 Proliferating),Tumor
1233,1234,Tumor 3,Tumor
1548,1549,Tumor 3,Tumor
1540,1541,Tumor 3,Tumor
773,774,Tumor 7,Tumor
731,732,Tumor 3,Tumor
791,792,Tumor 1,Tumor
1068,1069,Tumor 1,Tumor
1022,1023,Tumor 2 (Ki67 Proliferating),Tumor
858,859,Tumor 1,Tumor
416,417,Tumor 1,Tumor
400,401,Tumor 1,Tumor
599,600,Tumor 3,Tumor
456,457,Tumor 1,Tumor
382,383,Tumor 1,Tumor
575,576,Tumor 1,Tumor
708,709,Tumor 3,Tumor
705,706,Tumor 3,Tumor
669,670,Tumor 1,Tumor
756,757,Tumor 2 (Ki67 Proliferating),Tumor
1091,1092,Tumor 1,Tumor
1092,1093,Tumor 3,Tumor
1045,1046,Tumor 3,Tumor
1057,1058,Tumor 3,Tumor
1088,1089,Tumor 3,Tumor
1122,1123,Tumor 3,Tumor
1157,1158,Tumor 3,Tumor
166,167,Tumor 4,Tumor
135,136,Tumor 1,Tumor
161,162,Tumor 1,Tumor
187,188,Tumor 1,Tumor
233,234,Tumor 1,Tumor
252,253,Tumor 1,Tumor
383,384,Tumor 3,Tumor
907,908,Tumor 4,Tumor
1481,1482,Tumor 4,Tumor
2299,2300,Tumor 4,Tumor
860,861,Tumor 4,Tumor
989,990,Tumor 4,Tumor
942,943,Tumor 4,Tumor
1016,1017,Tumor 3,Tumor
1013,1014,Tumor 3,Tumor
1274,1275,Tumor 4,Tumor
1407,1408,Tumor 3,Tumor
1255,1256,Tumor 4,Tumor
1179,1180,Tumor 4,Tumor
1253,1254,Tumor 4,Tumor
1273,1274,Tumor 4,Tumor
1035,1036,Tumor 3,Tumor
988,989,Tumor 3,Tumor
950,951,Tumor 4,Tumor
971,972,Tumor 4,Tumor
1497,1498,Tumor 2 (Ki67 Proliferating),Tumor
1519,1520,Tumor 4,Tumor
1381,1382,Tumor 3,Tumor
1545,1546,Tumor 3,Tumor
1438,1439,Tumor 3,Tumor
1529,1530,Tumor 3,Tumor
1498,1499,Tumor 3,Tumor
1524,1525,Tumor 3,Tumor
1468,1469,Tumor 4,Tumor
2288,2289,Tumor 4,Tumor
1945,1946,Tumor 4,Tumor
2434,2435,Tumor 7,Tumor
2374,2375,Tumor 7,Tumor
2361,2362,Tumor 7,Tumor
117,118,Tumor 1,Tumor
89,90,Tumor 3,Tumor
236,237,Tumor 2 (Ki67 Proliferating),Tumor
283,284,Tumor 4,Tumor
210,211,Tumor 2 (Ki67 Proliferating),Tumor
245,246,Tumor 4,Tumor
293,294,Tumor 4,Tumor
510,511,Tumor 4,Tumor
591,592,Tumor 4,Tumor
469,470,Tumor 2 (Ki67 Proliferating),Tumor
596,597,Tumor 4,Tumor
542,543,Tumor 4,Tumor
479,480,Tumor 4,Tumor
15,16,Tumor 4,Tumor
19,20,Tumor 2 (Ki67 Proliferating),Tumor
38,39,Tumor 4,Tumor
34,35,Tumor 2 (Ki67 Proliferating),Tumor
20,21,Tumor 2 (Ki67 Proliferating),Tumor
1626,1627,Tumor 4,Tumor
1657,1658,Tumor 4,Tumor
1646,1647,Tumor 4,Tumor
1623,1624,Tumor 2 (Ki67 Proliferating),Tumor
1843,1844,Tumor 2 (Ki67 Proliferating),Tumor
1879,1880,Tumor 3,Tumor
1816,1817,Tumor 2 (Ki67 Proliferating),Tumor
1823,1824,Tumor 3,Tumor
1261,1262,Tumor 3,Tumor
1280,1281,Tumor 4,Tumor
1561,1562,Tumor 4,Tumor
1379,1380,Tumor 3,Tumor
1478,1479,Tumor 4,Tumor
1469,1470,Tumor 2 (Ki67 Proliferating),Tumor
1184,1185,Tumor 4,Tumor
1166,1167,Tumor 1,Tumor
1055,1056,Tumor 4,Tumor
703,704,Tumor 3,Tumor
636,637,Tumor 4,Tumor
620,621,Tumor 2 (Ki67 Proliferating),Tumor
740,741,Tumor 2 (Ki67 Proliferating),Tumor
801,802,Tumor 4,Tumor
826,827,Tumor 4,Tumor
876,877,Tumor 4,Tumor
847,848,Tumor 3,Tumor
908,909,Tumor 4,Tumor
324,325,Tumor 4,Tumor
356,357,Tumor 2 (Ki67 Proliferating),Tumor
545,546,Tumor 3,Tumor
467,468,Tumor 3,Tumor
489,490,Tumor 2 (Ki67 Proliferating),Tumor
535,536,Tumor 3,Tumor
563,564,Tumor 5,Tumor
648,649,Tumor 3,Tumor
600,601,Tumor 2 (Ki67 Proliferating),Tumor
1141,1142,Tumor 2 (Ki67 Proliferating),Tumor
1149,1150,Tumor 2 (Ki67 Proliferating),Tumor
1112,1113,Tumor 3,Tumor
1037,1038,Tumor 2 (Ki67 Proliferating),Tumor
1006,1007,Tumor 2 (Ki67 Proliferating),Tumor
1005,1006,Tumor 2 (Ki67 Proliferating),Tumor
1041,1042,Tumor 2 (Ki67 Proliferating),Tumor
985,986,Tumor 4,Tumor
891,892,Tumor 3,Tumor
929,930,Tumor 3,Tumor
798,799,Tumor 6 / DC,Tumor
221,222,Tumor 4,Tumor
175,176,Tumor 4,Tumor
1201,1202,Tumor 1,Tumor
1298,1299,Tumor 1,Tumor
1224,1225,Tumor 7,Tumor
1231,1232,Tumor 1,Tumor
1284,1285,Tumor 1,Tumor
1324,1325,Tumor 1,Tumor
1331,1332,Tumor 1,Tumor
1369,1370,Tumor 1,Tumor
1176,1177,Tumor 7,Tumor
1165,1166,Tumor 1,Tumor
1132,1133,Tumor 1,Tumor
1214,1215,Tumor 1,Tumor
1246,1247,Tumor 1,Tumor
1978,1979,Tumor 1,Tumor
1294,1295,Tumor 3,Tumor
1473,1474,Tumor 2 (Ki67 Proliferating),Tumor
549,550,Tumor 3,Tumor
514,515,Tumor 6 / DC,Tumor
631,632,Tumor 2 (Ki67 Proliferating),Tumor
690,691,Tumor 4,Tumor
672,673,Tumor 2 (Ki67 Proliferating),Tumor
779,780,Tumor 2 (Ki67 Proliferating),Tumor
832,833,Tumor 3,Tumor
833,834,Tumor 6 / DC,Tumor
789,790,Tumor 2 (Ki67 Proliferating),Tumor
729,730,Tumor 3,Tumor
814,815,Tumor 2 (Ki67 Proliferating),Tumor
1281,1282,Tumor 2 (Ki67 Proliferating),Tumor
1267,1268,Tumor 3,Tumor
1350,1351,Tumor 4,Tumor
1314,1315,Tumor 3,Tumor
253,254,Tumor 4,Tumor
498,499,Tumor 7,Tumor
619,620,Tumor 2 (Ki67 Proliferating),Tumor
633,634,Tumor 2 (Ki67 Proliferating),Tumor
579,580,Tumor 2 (Ki67 Proliferating),Tumor
1807,1808,Tumor 3,Tumor
2242,2243,Tumor 3,Tumor
2217,2218,Tumor 4,Tumor
2274,2275,Tumor 7,Tumor
2369,2370,Tumor 7,Tumor
2375,2376,Tumor 2 (Ki67 Proliferating),Tumor
2246,2247,Tumor 4,Tumor
2211,2212,Tumor 3,Tumor
1935,1936,Tumor 2 (Ki67 Proliferating),Tumor
1886,1887,Tumor 3,Tumor
1928,1929,Tumor 3,Tumor
1880,1881,Tumor 1,Tumor
1860,1861,Tumor 3,Tumor
2328,2329,Tumor 1,Tumor
2354,2355,Tumor 4,Tumor
2312,2313,Tumor 2 (Ki67 Proliferating),Tumor
2520,2521,Tumor 1,Tumor
2513,2514,Tumor 1,Tumor
2461,2462,Tumor 3,Tumor
2382,2383,Tumor 2 (Ki67 Proliferating),Tumor
1332,1333,Tumor 1,Tumor
1285,1286,Tumor 2 (Ki67 Proliferating),Tumor
1382,1383,Tumor 7,Tumor
963,964,Tumor 1,Tumor
980,981,Tumor 3,Tumor
892,893,Tumor 7,Tumor
829,830,Tumor 2 (Ki67 Proliferating),Tumor
893,894,Tumor 3,Tumor
914,915,Tumor 1,Tumor
949,950,Tumor 7,Tumor
540,541,Tumor 3,Tumor
539,540,Tumor 1,Tumor
576,577,Tumor 3,Tumor
520,521,Tumor 1,Tumor
586,587,Tumor 7,Tumor
528,529,Tumor 7,Tumor
487,488,Tumor 1,Tumor
1028,1029,Tumor 3,Tumor
1051,1052,Tumor 2 (Ki67 Proliferating),Tumor
957,958,Tumor 2 (Ki67 Proliferating),Tumor
977,978,Tumor 3,Tumor
1044,1045,Tumor 3,Tumor
1090,1091,Tumor 2 (Ki67 Proliferating),Tumor
941,942,Tumor 1,Tumor
904,905,Tumor 3,Tumor
836,837,Tumor 1,Tumor
259,260,Tumor 1,Tumor
205,206,Tumor 1,Tumor
179,180,Tumor 1,Tumor
346,347,Tumor 1,Tumor
362,363,Tumor 1,Tumor
335,336,Tumor 1,Tumor
307,308,Tumor 1,Tumor
452,453,Tumor 1,Tumor
496,497,Tumor 1,Tumor
629,630,Tumor 6 / DC,Tumor
616,617,Tumor 6 / DC,Tumor
681,682,Tumor 1,Tumor
800,801,Tumor 4,Tumor
879,880,Tumor 3,Tumor
715,716,Tumor 4,Tumor
658,659,Tumor 4,Tumor
611,612,Tumor 3,Tumor
1471,1472,Tumor 4,Tumor
2466,2467,Tumor 1,Tumor
2490,2491,Tumor 7,Tumor
2444,2445,Tumor 7,Tumor
1110,1111,Tumor 3,Tumor
1111,1112,Tumor 3,Tumor
1060,1061,Tumor 2 (Ki67 Proliferating),Tumor
1069,1070,Tumor 3,Tumor
1120,1121,Tumor 4,Tumor
1169,1170,Tumor 4,Tumor
1170,1171,Tumor 4,Tumor
1326,1327,Tumor 2 (Ki67 Proliferating),Tumor
1523,1524,Tumor 3,Tumor
1488,1489,Tumor 3,Tumor
1496,1497,Tumor 3,Tumor
1430,1431,Tumor 3,Tumor
1557,1558,Tumor 3,Tumor
2344,2345,Tumor 7,Tumor
2345,2346,Tumor 7,Tumor
2325,2326,Tumor 7,Tumor
2303,2304,Tumor 7,Tumor
2283,2284,Tumor 7,Tumor
60,61,Tumor 3,Tumor
78,79,Tumor 4,Tumor
42,43,Tumor 4,Tumor
212,213,Tumor 4,Tumor
246,247,Tumor 4,Tumor
190,191,Tumor 1,Tumor
137,138,Tumor 1,Tumor
146,147,Tumor 3,Tumor
106,107,Tumor 2 (Ki67 Proliferating),Tumor
394,395,Tumor 5,Tumor
397,398,Tumor 4,Tumor
464,465,Tumor 4,Tumor
420,421,Tumor 4,Tumor
392,393,Tumor 4,Tumor
174,175,Tumor 1,Tumor
68,69,Tumor 3,Tumor
27,28,Tumor 3,Tumor
43,44,Tumor 6 / DC,Tumor
29,30,Tumor 3,Tumor
62,63,Tumor 2 (Ki67 Proliferating),Tumor
1439,1440,Tumor 3,Tumor
1399,1400,Tumor 3,Tumor
1502,1503,Tumor 3,Tumor
1482,1483,Tumor 3,Tumor
1525,1526,Tumor 2 (Ki67 Proliferating),Tumor
1452,1453,Tumor 3,Tumor
2093,2094,Tumor 4,Tumor
2060,2061,Tumor 4,Tumor
2284,2285,Tumor 7,Tumor
2304,2305,Tumor 4,Tumor
1995,1996,Tumor 2 (Ki67 Proliferating),Tumor
1659,1660,Tumor 3,Tumor
1584,1585,Tumor 2 (Ki67 Proliferating),Tumor
1551,1552,Tumor 6 / DC,Tumor
1553,1554,Tumor 6 / DC,Tumor
1578,1579,Tumor 4,Tumor
1621,1622,Tumor 6 / DC,Tumor
1711,1712,Tumor 4,Tumor
1903,1904,Tumor 3,Tumor
1826,1827,Tumor 4,Tumor
1759,1760,Tumor 2 (Ki67 Proliferating),Tumor
1870,1871,Tumor 3,Tumor
1765,1766,Tumor 3,Tumor
1754,1755,Tumor 2 (Ki67 Proliferating),Tumor
1536,1537,Tumor 7,Tumor
1500,1501,Tumor 2 (Ki67 Proliferating),Tumor
1341,1342,Tumor 3,Tumor
806,807,Tumor 4,Tumor
812,813,Tumor 4,Tumor
1107,1108,Tumor 3,Tumor
1254,1255,Tumor 2 (Ki67 Proliferating),Tumor
1093,1094,Tumor 2 (Ki67 Proliferating),Tumor
954,955,Tumor 2 (Ki67 Proliferating),Tumor
859,860,Tumor 3,Tumor
920,921,Tumor 3,Tumor
765,766,Tumor 4,Tumor
811,812,Tumor 4,Tumor
981,982,Tumor 3,Tumor
912,913,Tumor 3,Tumor
955,956,Tumor 4,Tumor
1047,1048,Tumor 4,Tumor
997,998,Tumor 4,Tumor
1039,1040,Tumor 4,Tumor
699,700,Tumor 4,Tumor
300,301,Tumor 4,Tumor
327,328,Tumor 3,Tumor
374,375,Tumor 3,Tumor
388,389,Tumor 3,Tumor
635,636,Tumor 4,Tumor
584,585,Tumor 5,Tumor
671,672,Tumor 4,Tumor
716,717,Tumor 4,Tumor
984,985,Tumor 4,Tumor
959,960,Tumor 4,Tumor
1010,1011,Tumor 2 (Ki67 Proliferating),Tumor
1030,1031,Tumor 3,Tumor
999,1000,Tumor 4,Tumor
890,891,Tumor 3,Tumor
851,852,Tumor 3,Tumor
652,653,Tumor 3,Tumor
1292,1293,Tumor 3,Tumor
1236,1237,Tumor 7,Tumor
1195,1196,Tumor 1,Tumor
1322,1323,Tumor 7,Tumor
1770,1771,Tumor 7,Tumor
1675,1676,Tumor 1,Tumor
1661,1662,Tumor 7,Tumor
1736,1737,Tumor 1,Tumor
1380,1381,Tumor 1,Tumor
1344,1345,Tumor 4,Tumor
1800,1801,Tumor 2 (Ki67 Proliferating),Tumor
1726,1727,Tumor 1,Tumor
1700,1701,Tumor 3,Tumor
1774,1775,Tumor 3,Tumor
1949,1950,Tumor 7,Tumor
1961,1962,Tumor 7,Tumor
1537,1538,Tumor 4,Tumor
1510,1511,Tumor 4,Tumor
1448,1449,Tumor 2 (Ki67 Proliferating),Tumor
1400,1401,Tumor 2 (Ki67 Proliferating),Tumor
1262,1263,Tumor 4,Tumor
1223,1224,Tumor 4,Tumor
864,865,Tumor 4,Tumor
867,868,Tumor 3,Tumor
418,419,Tumor 2 (Ki67 Proliferating),Tumor
637,638,Tumor 4,Tumor
695,696,Tumor 3,Tumor
1027,1028,Tumor 7,Tumor
960,961,Tumor 4,Tumor
1250,1251,Tumor 4,Tumor
1249,1250,Tumor 4,Tumor
1222,1223,Tumor 4,Tumor
809,810,Tumor 7,Tumor
234,235,Tumor 3,Tumor
336,337,Tumor 6 / DC,Tumor
267,268,Tumor 3,Tumor
159,160,Tumor 3,Tumor
343,344,Tumor 3,Tumor
642,643,Tumor 3,Tumor
632,633,Tumor 3,Tumor
646,647,Tumor 3,Tumor
555,556,Tumor 4,Tumor
524,525,Tumor 7,Tumor
526,527,Tumor 3,Tumor
598,599,Tumor 2 (Ki67 Proliferating),Tumor
650,651,Tumor 3,Tumor
691,692,Tumor 2 (Ki67 Proliferating),Tumor
458,459,Tumor 7,Tumor
511,512,Tumor 3,Tumor
1985,1986,Tumor 1,Tumor
2026,2027,Tumor 3,Tumor
1899,1900,Tumor 2 (Ki67 Proliferating),Tumor
2017,2018,Tumor 7,Tumor
1850,1851,Tumor 2 (Ki67 Proliferating),Tumor
2034,2035,Tumor 3,Tumor
2038,2039,Tumor 3,Tumor
2067,2068,Tumor 1,Tumor
2154,2155,Tumor 3,Tumor
2164,2165,Tumor 3,Tumor
2097,2098,Tumor 1,Tumor
2103,2104,Tumor 4,Tumor
2073,2074,Tumor 2 (Ki67 Proliferating),Tumor
2052,2053,Tumor 2 (Ki67 Proliferating),Tumor
2039,2040,Tumor 2 (Ki67 Proliferating),Tumor
2051,2052,Tumor 2 (Ki67 Proliferating),Tumor
2359,2360,Tumor 2 (Ki67 Proliferating),Tumor
2293,2294,Tumor 3,Tumor
2223,2224,Tumor 3,Tumor
2141,2142,Tumor 2 (Ki67 Proliferating),Tumor
2522,2523,Tumor 4,Tumor
2296,2297,Tumor 3,Tumor
2183,2184,Tumor 2 (Ki67 Proliferating),Tumor
2511,2512,Tumor 2 (Ki67 Proliferating),Tumor
2491,2492,Tumor 7,Tumor
2512,2513,Tumor 7,Tumor
2406,2407,Tumor 3,Tumor
2536,2537,Tumor 4,Tumor
2531,2532,Tumor 4,Tumor
1462,1463,Tumor 7,Tumor
1308,1309,Tumor 4,Tumor
1413,1414,Tumor 2 (Ki67 Proliferating),Tumor
1420,1421,Tumor 3,Tumor
298,299,Tumor 1,Tumor
285,286,Tumor 1,Tumor
323,324,Tumor 1,Tumor
244,245,Tumor 1,Tumor
321,322,Tumor 3,Tumor
299,300,Tumor 1,Tumor
401,402,Tumor 3,Tumor
279,280,Tumor 1,Tumor
727,728,Tumor 5,Tumor
687,688,Tumor 7,Tumor
656,657,Tumor 6 / DC,Tumor
819,820,Tumor 3,Tumor
915,916,Tumor 3,Tumor
761,762,Tumor 2 (Ki67 Proliferating),Tumor
754,755,Tumor 4,Tumor
581,582,Tumor 3,Tumor
573,574,Tumor 3,Tumor
551,552,Tumor 4,Tumor
1421,1422,Tumor 3,Tumor
1409,1410,Tumor 3,Tumor
1398,1399,Tumor 4,Tumor
1145,1146,Tumor 4,Tumor
2346,2347,Tumor 7,Tumor
2451,2452,Tumor 3,Tumor
2485,2486,Tumor 7,Tumor
1359,1360,Tumor 3,Tumor
1353,1354,Tumor 2 (Ki67 Proliferating),Tumor
1173,1174,Tumor 3,Tumor
943,944,Tumor 4,Tumor
1117,1118,Tumor 4,Tumor
1080,1081,Tumor 4,Tumor
1343,1344,Tumor 7,Tumor
2,3,Tumor 4,Tumor
18,19,Tumor 4,Tumor
76,77,Tumor 3,Tumor
194,195,Tumor 4,Tumor
114,115,Tumor 3,Tumor
46,47,Tumor 2 (Ki67 Proliferating),Tumor
56,57,Tumor 3,Tumor
94,95,Tumor 3,Tumor
33,34,Tumor 4,Tumor
11,12,Tumor 4,Tumor
428,429,Tumor 4,Tumor
376,377,Tumor 4,Tumor
363,364,Tumor 4,Tumor
378,379,Tumor 4,Tumor
429,430,Tumor 4,Tumor
453,454,Tumor 4,Tumor
446,447,Tumor 4,Tumor
237,238,Tumor 4,Tumor
249,250,Tumor 4,Tumor
128,129,Tumor 4,Tumor
1581,1582,Tumor 3,Tumor
1575,1576,Tumor 3,Tumor
1689,1690,Tumor 3,Tumor
1696,1697,Tumor 3,Tumor
1614,1615,Tumor 3,Tumor
1645,1646,Tumor 3,Tumor
1328,1329,Tumor 3,Tumor
1443,1444,Tumor 3,Tumor
1459,1460,Tumor 2 (Ki67 Proliferating),Tumor
1040,1041,Tumor 4,Tumor
953,954,Tumor 3,Tumor
848,849,Tumor 4,Tumor
845,846,Tumor 4,Tumor
1103,1104,Tumor 3,Tumor
1123,1124,Tumor 3,Tumor
1163,1164,Tumor 4,Tumor
1119,1120,Tumor 2 (Ki67 Proliferating),Tumor
1194,1195,Tumor 3,Tumor
1213,1214,Tumor 2 (Ki67 Proliferating),Tumor
1211,1212,Tumor 2 (Ki67 Proliferating),Tumor
1020,1021,Tumor 3,Tumor
1063,1064,Tumor 4,Tumor
1066,1067,Tumor 4,Tumor
1073,1074,Tumor 3,Tumor
992,993,Tumor 7,Tumor
881,882,Tumor 4,Tumor
877,878,Tumor 4,Tumor
886,887,Tumor 4,Tumor
932,933,Tumor 4,Tumor
704,705,Tumor 4,Tumor
741,742,Tumor 4,Tumor
766,767,Tumor 2 (Ki67 Proliferating),Tumor
749,750,Tumor 3,Tumor
815,816,Tumor 3,Tumor
780,781,Tumor 7,Tumor
723,724,Tumor 7,Tumor
1745,1746,Tumor 1,Tumor
1402,1403,Tumor 1,Tumor
1441,1442,Tumor 1,Tumor
1864,1865,Tumor 7,Tumor
1885,1886,Tumor 1,Tumor
919,920,Tumor 4,Tumor
1394,1395,Tumor 4,Tumor
1390,1391,Tumor 4,Tumor
1429,1430,Tumor 4,Tumor
1354,1355,Tumor 4,Tumor
1403,1404,Tumor 4,Tumor
1440,1441,Tumor 4,Tumor
1367,1368,Tumor 3,Tumor
1397,1398,Tumor 2 (Ki67 Proliferating),Tumor
1374,1375,Tumor 3,Tumor
1321,1322,Tumor 3,Tumor
1329,1330,Tumor 3,Tumor
1342,1343,Tumor 3,Tumor
436,437,Tumor 2 (Ki67 Proliferating),Tumor
431,432,Tumor 2 (Ki67 Proliferating),Tumor
386,387,Tumor 2 (Ki67 Proliferating),Tumor
408,409,Tumor 6 / DC,Tumor
359,360,Tumor 6 / DC,Tumor
1130,1131,Tumor 3,Tumor
921,922,Tumor 7,Tumor
862,863,Tumor 3,Tumor
856,857,Tumor 7,Tumor
817,818,Tumor 3,Tumor
897,898,Tumor 7,Tumor
255,256,Tumor 1,Tumor
220,221,Tumor 3,Tumor
197,198,Tumor 3,Tumor
209,210,Tumor 7,Tumor
223,224,Tumor 6 / DC,Tumor
240,241,Tumor 3,Tumor
287,288,Tumor 6 / DC,Tumor
568,569,Tumor 3,Tumor
517,518,Tumor 2 (Ki67 Proliferating),Tumor
742,743,Tumor 3,Tumor
659,660,Tumor 3,Tumor
794,795,Tumor 3,Tumor
585,586,Tumor 2 (Ki67 Proliferating),Tumor
481,482,Tumor 2 (Ki67 Proliferating),Tumor
564,565,Tumor 2 (Ki67 Proliferating),Tumor
2048,2049,Tumor 2 (Ki67 Proliferating),Tumor
2095,2096,Tumor 3,Tumor
1996,1997,Tumor 7,Tumor
2016,2017,Tumor 3,Tumor
2054,2055,Tumor 7,Tumor
2070,2071,Tumor 1,Tumor
2090,2091,Tumor 1,Tumor
2055,2056,Tumor 7,Tumor
1832,1833,Tumor 3,Tumor
1889,1890,Tumor 2 (Ki67 Proliferating),Tumor
1790,1791,Tumor 3,Tumor
1974,1975,Tumor 2 (Ki67 Proliferating),Tumor
1931,1932,Tumor 3,Tumor
2008,2009,Tumor 3,Tumor
1963,1964,Tumor 2 (Ki67 Proliferating),Tumor
1994,1995,Tumor 3,Tumor
2367,2368,Tumor 3,Tumor
2297,2298,Tumor 3,Tumor
2355,2356,Tumor 7,Tumor
2165,2166,Tumor 2 (Ki67 Proliferating),Tumor
2189,2190,Tumor 4,Tumor
2173,2174,Tumor 2 (Ki67 Proliferating),Tumor
2120,2121,Tumor 3,Tumor
2147,2148,Tumor 4,Tumor
2208,2209,Tumor 2 (Ki67 Proliferating),Tumor
2218,2219,Tumor 3,Tumor
2191,2192,Tumor 4,Tumor
2180,2181,Tumor 4,Tumor
2275,2276,Tumor 3,Tumor
2197,2198,Tumor 2 (Ki67 Proliferating),Tumor
2190,2191,Tumor 2 (Ki67 Proliferating),Tumor
2172,2173,Tumor 3,Tumor
2210,2211,Tumor 7,Tumor
2233,2234,Tumor 3,Tumor
2155,2156,Tumor 3,Tumor
2122,2123,Tumor 3,Tumor
2199,2200,Tumor 2 (Ki67 Proliferating),Tumor
2040,2041,Tumor 3,Tumor
2071,2072,Tumor 3,Tumor
2045,2046,Tumor 2 (Ki67 Proliferating),Tumor
2465,2466,Tumor 1,Tumor
2307,2308,Tumor 3,Tumor
2340,2341,Tumor 1,Tumor
2474,2475,Tumor 7,Tumor
2376,2377,Tumor 3,Tumor
2365,2366,Tumor 3,Tumor
2392,2393,Tumor 3,Tumor
2301,2302,Tumor 3,Tumor
2326,2327,Tumor 2 (Ki67 Proliferating),Tumor
2306,2307,Tumor 3,Tumor
1318,1319,Tumor 2 (Ki67 Proliferating),Tumor
1355,1356,Tumor 4,Tumor
1325,1326,Tumor 2 (Ki67 Proliferating),Tumor
370,371,Tumor 3,Tumor
345,346,Tumor 7,Tumor
332,333,Tumor 1,Tumor
732,733,Tumor 3,Tumor
737,738,Tumor 3,Tumor
776,777,Tumor 3,Tumor
734,735,Tumor 3,Tumor
702,703,Tumor 3,Tumor
501,502,Tumor 3,Tumor
425,426,Tumor 2 (Ki67 Proliferating),Tumor
432,433,Tumor 7,Tumor
1352,1353,Tumor 3,Tumor
1217,1218,Tumor 4,Tumor
1340,1341,Tumor 3,Tumor
1242,1243,Tumor 3,Tumor
1234,1235,Tumor 4,Tumor
1271,1272,Tumor 4,Tumor
1241,1242,Tumor 3,Tumor
1007,1008,Tumor 4,Tumor
1053,1054,Tumor 4,Tumor
935,936,Tumor 3,Tumor
1183,1184,Tumor 2 (Ki67 Proliferating),Tumor
1148,1149,Tumor 1,Tumor
1187,1188,Tumor 2 (Ki67 Proliferating),Tumor
1182,1183,Tumor 1,Tumor
1297,1298,Tumor 1,Tumor
1383,1384,Tumor 2 (Ki67 Proliferating),Tumor
1371,1372,Tumor 3,Tumor
1456,1457,Tumor 2 (Ki67 Proliferating),Tumor
1423,1424,Tumor 2 (Ki67 Proliferating),Tumor
1385,1386,Tumor 3,Tumor
1410,1411,Tumor 2 (Ki67 Proliferating),Tumor
1457,1458,Tumor 3,Tumor
10,11,Tumor 2 (Ki67 Proliferating),Tumor
26,27,Tumor 1,Tumor
49,50,Tumor 3,Tumor
50,51,Tumor 1,Tumor
52,53,Tumor 4,Tumor
67,68,Tumor 1,Tumor
85,86,Tumor 1,Tumor
53,54,Tumor 3,Tumor
51,52,Tumor 3,Tumor
230,231,Tumor 4,Tumor
2077,2078,Tumor 4,Tumor
2109,2110,Tumor 2 (Ki67 Proliferating),Tumor
2094,2095,Tumor 3,Tumor
2110,2111,Tumor 2 (Ki67 Proliferating),Tumor
1856,1857,Tumor 3,Tumor
1817,1818,Tumor 3,Tumor
961,962,Tumor 5,Tumor
951,952,Tumor 3,Tumor
97,98,Tumor 7,Tumor
77,78,Tumor 3,Tumor
1686,1687,Tumor 1,Tumor
1513,1514,Tumor 1,Tumor
1464,1465,Tumor 1,Tumor
1851,1852,Tumor 1,Tumor
1054,1055,Tumor 3,Tumor
1099,1100,Tumor 1,Tumor
888,889,Tumor 7,Tumor
947,948,Tumor 7,Tumor
926,927,Tumor 7,Tumor
1012,1013,Tumor 3,Tumor
975,976,Tumor 1,Tumor
133,134,Tumor 7,Tumor
160,161,Tumor 7,Tumor
116,117,Tumor 3,Tumor
119,120,Tumor 7,Tumor
152,153,Tumor 3,Tumor
200,201,Tumor 3,Tumor
214,215,Tumor 2 (Ki67 Proliferating),Tumor
124,125,Tumor 2 (Ki67 Proliferating),Tumor
278,279,Tumor 6 / DC,Tumor
231,232,Tumor 3,Tumor
242,243,Tumor 2 (Ki67 Proliferating),Tumor
288,289,Tumor 2 (Ki67 Proliferating),Tumor
290,291,Tumor 3,Tumor
326,327,Tumor 6 / DC,Tumor
580,581,Tumor 3,Tumor
536,537,Tumor 7,Tumor
615,616,Tumor 3,Tumor
569,570,Tumor 2 (Ki67 Proliferating),Tumor
760,761,Tumor 3,Tumor
793,794,Tumor 3,Tumor
597,598,Tumor 7,Tumor
2030,2031,Tumor 3,Tumor
2084,2085,Tumor 1,Tumor
2128,2129,Tumor 3,Tumor
2143,2144,Tumor 1,Tumor
2086,2087,Tumor 1,Tumor
2111,2112,Tumor 1,Tumor
2152,2153,Tumor 3,Tumor
2100,2101,Tumor 1,Tumor
2072,2073,Tumor 1,Tumor
2053,2054,Tumor 3,Tumor
2058,2059,Tumor 3,Tumor
2085,2086,Tumor 2 (Ki67 Proliferating),Tumor
2119,2120,Tumor 1,Tumor
2518,2519,Tumor 3,Tumor
2241,2242,Tumor 6 / DC,Tumor
2219,2220,Tumor 3,Tumor
2222,2223,Tumor 4,Tumor
2289,2290,Tumor 3,Tumor
2285,2286,Tumor 3,Tumor
2266,2267,Tumor 3,Tumor
2263,2264,Tumor 2 (Ki67 Proliferating),Tumor
2318,2319,Tumor 3,Tumor
2286,2287,Tumor 3,Tumor
2351,2352,Tumor 2 (Ki67 Proliferating),Tumor
2126,2127,Tumor 7,Tumor
1906,1907,Tumor 3,Tumor
1895,1896,Tumor 3,Tumor
2419,2420,Tumor 1,Tumor
2446,2447,Tumor 1,Tumor
2407,2408,Tumor 1,Tumor
2379,2380,Tumor 3,Tumor
2395,2396,Tumor 3,Tumor
2420,2421,Tumor 7,Tumor
2313,2314,Tumor 7,Tumor
2371,2372,Tumor 2 (Ki67 Proliferating),Tumor
448,449,Tumor 1,Tumor
411,412,Tumor 1,Tumor
407,408,Tumor 3,Tumor
373,374,Tumor 1,Tumor
341,342,Tumor 1,Tumor
694,695,Tumor 3,Tumor
654,655,Tumor 3,Tumor
688,689,Tumor 3,Tumor
1138,1139,Tumor 4,Tumor
1198,1199,Tumor 3,Tumor
1186,1187,Tumor 4,Tumor
1089,1090,Tumor 3,Tumor
1095,1096,Tumor 1,Tumor
1003,1004,Tumor 2 (Ki67 Proliferating),Tumor
2476,2477,Tumor 3,Tumor
2366,2367,Tumor 7,Tumor
2457,2458,Tumor 3,Tumor
2524,2525,Tumor 1,Tumor
2530,2531,Tumor 4,Tumor
2535,2536,Tumor 4,Tumor
2501,2502,Tumor 7,Tumor
2529,2530,Tumor 4,Tumor
928,929,Tumor 4,Tumor
927,928,Tumor 4,Tumor
972,973,Tumor 3,Tumor
109,110,Tumor 1,Tumor
144,145,Tumor 4,Tumor
150,151,Tumor 1,Tumor
111,112,Tumor 1,Tumor
80,81,Tumor 3,Tumor
120,121,Tumor 3,Tumor
217,218,Tumor 4,Tumor
207,208,Tumor 4,Tumor
172,173,Tumor 5,Tumor
140,141,Tumor 4,Tumor
158,159,Tumor 2 (Ki67 Proliferating),Tumor
211,212,Tumor 3,Tumor
2470,2471,Tumor 7,Tumor
2453,2454,Tumor 7,Tumor
2489,2490,Tumor 3,Tumor
2459,2460,Tumor 2 (Ki67 Proliferating),Tumor
2472,2473,Tumor 7,Tumor
1818,1819,Tumor 1,Tumor
1840,1841,Tumor 2 (Ki67 Proliferating),Tumor
2229,2230,Tumor 3,Tumor
2177,2178,Tumor 2 (Ki67 Proliferating),Tumor
2146,2147,Tumor 2 (Ki67 Proliferating),Tumor
2131,2132,Tumor 2 (Ki67 Proliferating),Tumor
1656,1657,Tumor 1,Tumor
1050,1051,Tumor 2 (Ki67 Proliferating),Tumor
1043,1044,Tumor 7,Tumor
1002,1003,Tumor 7,Tumor
987,988,Tumor 1,Tumor
554,555,Tumor 2 (Ki67 Proliferating),Tumor
529,530,Tumor 2 (Ki67 Proliferating),Tumor
2012,2013,Tumor 3,Tumor
1954,1955,Tumor 2 (Ki67 Proliferating),Tumor
2162,2163,Tumor 1,Tumor
2282,2283,Tumor 1,Tumor
2295,2296,Tumor 7,Tumor
2291,2292,Tumor 3,Tumor
2271,2272,Tumor 3,Tumor
2201,2202,Tumor 1,Tumor
2196,2197,Tumor 3,Tumor
2261,2262,Tumor 2 (Ki67 Proliferating),Tumor
2249,2250,Tumor 3,Tumor
2298,2299,Tumor 4,Tumor
2279,2280,Tumor 7,Tumor
541,542,Tumor 1,Tumor
491,492,Tumor 1,Tumor
505,506,Tumor 1,Tumor
565,566,Tumor 1,Tumor
556,557,Tumor 3,Tumor
521,522,Tumor 3,Tumor
525,526,Tumor 1,Tumor
572,573,Tumor 3,Tumor
533,534,Tumor 1,Tumor
508,509,Tumor 1,Tumor
493,494,Tumor 3,Tumor
544,545,Tumor 3,Tumor
566,567,Tumor 3,Tumor
625,626,Tumor 1,Tumor
571,572,Tumor 1,Tumor
657,658,Tumor 1,Tumor
685,686,Tumor 3,Tumor
587,588,Tumor 3,Tumor
602,603,Tumor 3,Tumor
548,549,Tumor 1,Tumor
534,535,Tumor 3,Tumor
562,563,Tumor 3,Tumor
2497,2498,Tumor 3,Tumor
2408,2409,Tumor 7,Tumor
2390,2391,Tumor 7,Tumor
2409,2410,Tumor 2 (Ki67 Proliferating),Tumor
2385,2386,Tumor 7,Tumor
2384,2385,Tumor 7,Tumor
2422,2423,Tumor 7,Tumor
2514,2515,Tumor 3,Tumor
2480,2481,Tumor 3,Tumor
2492,2493,Tumor 7,Tumor
969,970,Tumor 4,Tumor
1781,1782,Tumor 3,Tumor
1751,1752,Tumor 3,Tumor
1782,1783,Tumor 3,Tumor
1814,1815,Tumor 3,Tumor
1780,1781,Tumor 3,Tumor
1833,1834,Tumor 3,Tumor
2225,2226,Tumor 3,Tumor
2212,2213,Tumor 3,Tumor
2243,2244,Tumor 3,Tumor
2234,2235,Tumor 3,Tumor
2181,2182,Tumor 4,Tumor
1585,1586,Tumor 1,Tumor
1616,1617,Tumor 1,Tumor
1556,1557,Tumor 2 (Ki67 Proliferating),Tumor
1538,1539,Tumor 1,Tumor
1639,1640,Tumor 1,Tumor
1572,1573,Tumor 1,Tumor
2046,2047,Tumor 3,Tumor
2238,2239,Tumor 1,Tumor
2215,2216,Tumor 1,Tumor
2236,2237,Tumor 3,Tumor
2254,2255,Tumor 1,Tumor
2168,2169,Tumor 4,Tumor
2174,2175,Tumor 1,Tumor
2477,2478,Tumor 3,Tumor
2442,2443,Tumor 3,Tumor
2456,2457,Tumor 3,Tumor
2443,2444,Tumor 3,Tumor
